Date,Time,Open,High,Low,Close,Change(Pips),Change(%)
10/30/2024 00:00,1.30107,1.3017,1.3007,1.3013,2.3,0.02,
10/29/2024 23:00,1.30137,1.3017,1.3007,1.30106,-3.1,-0.02,
10/29/2024 22:00,1.30087,1.3015,1.30065,1.30138,5.1,0.04,
10/29/2024 21:00,1.30139,1.30171,1.29947,1.3009,-4.9,-0.04,
10/29/2024 20:00,1.30056,1.3016,1.3003,1.30141,8.5,0.07,
10/29/2024 19:00,1.30049,1.3008,1.3001,1.3006,1.1,0.01,
10/29/2024 18:00,1.29987,1.301,1.2991,1.30065,7.8,0.06,
10/29/2024 17:00,1.29991,1.30094,1.2992,1.29985,-0.6,0.00,
10/29/2024 16:00,1.30042,1.3012,1.2988,1.29982,-6.0,-0.05,
10/29/2024 15:00,1.29966,1.30071,1.2978,1.30031,6.5,0.05,
10/29/2024 14:00,1.29785,1.30051,1.29767,1.29965,18.0,0.14,
10/29/2024 13:00,1.29776,1.29805,1.2965,1.29726,-5.0,-0.04,
10/29/2024 12:00,1.29856,1.2987,1.2968,1.29784,-7.2,-0.06,
10/29/2024 11:00,1.29861,1.29928,1.2977,1.29856,-0.5,0.00,
10/29/2024 10:00,1.29796,1.2987,1.2972,1.29863,6.7,0.05,
10/29/2024 09:00,1.29842,1.2987,1.2972,1.2978,-6.2,-0.05,
10/29/2024 08:00,1.29713,1.299,1.2968,1.29833,12.0,0.09,
10/29/2024 07:00,1.29694,1.2974,1.2964,1.29721,2.7,0.02,
10/29/2024 06:00,1.29634,1.2971,1.2961,1.29695,6.1,0.05,
10/29/2024 05:00,1.29614,1.29665,1.2958,1.29634,2.0,0.02,
10/29/2024 04:00,1.296,1.2963,1.2956,1.29606,0.6,0.00,
10/29/2024 03:00,1.29699,1.2971,1.2957,1.29587,-11.2,-0.09,
10/29/2024 02:00,1.29732,1.2975,1.2966,1.29694,-3.8,-0.03,
10/29/2024 01:00,1.29723,1.2975,1.2967,1.29729,0.6,0.00,
10/29/2024 00:00,1.29743,1.2977,1.2968,1.29726,-1.7,-0.01,
10/28/2024 23:00,1.29635,1.29731,1.29634,1.29725,9.0,0.07,
10/28/2024 22:00,1.2969,1.2971,1.2962,1.29649,-4.1,-0.03,
10/28/2024 21:00,1.29705,1.2979,1.29615,1.2969,-1.5,-0.01,
10/28/2024 20:00,1.29729,1.29751,1.2967,1.29703,-2.6,-0.02,
10/28/2024 19:00,1.29681,1.29785,1.2966,1.29733,5.2,0.04,
10/28/2024 18:00,1.29748,1.29752,1.29679,1.29687,-6.1,-0.05,
10/28/2024 17:00,1.29794,1.29826,1.29729,1.29749,-4.5,-0.03,
10/28/2024 16:00,1.29806,1.29883,1.29784,1.29795,-1.1,-0.01,
10/28/2024 15:00,1.2995,1.2998,1.29792,1.29805,-14.5,-0.11,
10/28/2024 14:00,1.29867,1.30017,1.2978,1.29952,8.5,0.07,
10/28/2024 13:00,1.29882,1.29913,1.29813,1.29865,-1.7,-0.01,
10/28/2024 12:00,1.2992,1.29971,1.29843,1.2988,-4,-0.03,
10/28/2024 11:00,1.29823,1.29947,1.29751,1.2992,9.7,0.07,
10/28/2024 10:00,1.29726,1.29853,1.29659,1.29821,9.5,0.07,
10/28/2024 09:00,1.29764,1.29789,1.29667,1.29729,-3.5,-0.03,
10/28/2024 08:00,1.29706,1.2978,1.29601,1.29757,5.1,0.04,
10/28/2024 07:00,1.29582,1.29719,1.29569,1.29703,12.1,0.09,
10/28/2024 06:00,1.29482,1.296,1.29465,1.29573,9.1,0.07,
10/28/2024 05:00,1.29465,1.295,1.29394,1.29488,2.3,0.02,
10/28/2024 04:00,1.29426,1.29505,1.29415,1.29462,3.6,0.03,
10/28/2024 03:00,1.29523,1.29548,1.29422,1.2943,-9.3,-0.07,
10/28/2024 02:00,1.29548,1.29586,1.29492,1.2952,-2.8,-0.02,
10/28/2024 01:00,1.29536,1.29592,1.29498,1.29547,1.1,0.01,
10/28/2024 00:00,1.29576,1.29638,1.29527,1.29531,-4.5,-0.03,
10/27/2024 23:00,1.2958,1.29636,1.29557,1.29575,-0.5,0.00,
10/27/2024 22:00,1.29608,1.29646,1.29567,1.29583,-2.5,-0.02,
10/27/2024 21:00,1.2962,1.2963,1.29607,1.29609,-1.1,-0.01,
10/25/2024 20:00,1.29596,1.2964,1.2956,1.2958,-1.6,-0.01,
10/25/2024 19:00,1.29681,1.29691,1.2956,1.29595,-8.6,-0.07,
10/25/2024 18:00,1.29687,1.29712,1.29612,1.29682,-0.5,0.00,
10/25/2024 17:00,1.29765,1.29774,1.29682,1.29688,-7.7,-0.06,
10/25/2024 16:00,1.29764,1.29802,1.29715,1.29766,0.2,0.00,
10/25/2024 15:00,1.29907,1.29949,1.29763,1.2977,-13.7,-0.11,
10/25/2024 14:00,1.29881,1.29983,1.29841,1.29911,3.0,0.02,
10/25/2024 13:00,1.29916,1.29986,1.29879,1.29899,-1.7,-0.01,
10/25/2024 12:00,1.29869,1.29967,1.2978,1.29922,5.3,0.04,
10/25/2024 11:00,1.29868,1.29926,1.29795,1.29871,0.3,0.00,
10/25/2024 10:00,1.29802,1.29874,1.29778,1.29874,7.2,0.06,
10/25/2024 09:00,1.29756,1.29839,1.29739,1.29811,5.5,0.04,
10/25/2024 08:00,1.29698,1.29797,1.29685,1.29758,6.0,0.05,
10/25/2024 07:00,1.29616,1.2977,1.29557,1.29704,8.8,0.07,
10/25/2024 06:00,1.29661,1.29694,1.29585,1.29613,-4.8,-0.04,
10/25/2024 05:00,1.29646,1.301,1.29632,1.301,45.4,0.35,
10/25/2024 04:00,1.29632,1.29652,1.29594,1.29643,1.1,0.01,
10/25/2024 03:00,1.29714,1.29714,1.29606,1.2963,-8.4,-0.06,
10/25/2024 02:00,1.29686,1.29731,1.29662,1.29713,2.7,0.02,
10/25/2024 01:00,1.29685,1.29724,1.2965,1.29684,-0.1,0.00,
10/25/2024 00:00,1.2972,1.29739,1.29651,1.29684,-3.6,-0.03,
10/24/2024 23:00,1.29724,1.29728,1.29695,1.29718,-0.6,0.00,
10/24/2024 22:00,1.29735,1.2976,1.29712,1.2972,-1.5,-0.01,
10/24/2024 21:00,1.29725,1.2977,1.2959,1.2974,1.5,0.01,
10/24/2024 20:00,1.29746,1.29774,1.2968,1.29725,-2.1,-0.02,
10/24/2024 19:00,1.29727,1.29761,1.2968,1.29748,2.1,0.02,
10/24/2024 18:00,1.29681,1.29758,1.29655,1.2973,4.9,0.04,
10/24/2024 17:00,1.29597,1.2978,1.29585,1.29683,8.6,0.07,
10/24/2024 16:00,1.29633,1.2965,1.29478,1.29594,-3.9,-0.03,
10/24/2024 15:00,1.29601,1.29679,1.29538,1.29629,2.8,0.02,
10/24/2024 14:00,1.2978,1.29878,1.29568,1.29604,-17.6,-0.14,
10/24/2024 13:00,1.29738,1.2984,1.29676,1.29786,4.8,0.04,
10/24/2024 12:00,1.29733,1.29824,1.29665,1.29744,1.1,0.01,
10/24/2024 11:00,1.29686,1.29813,1.29686,1.29732,4.6,0.04,
10/24/2024 10:00,1.29631,1.29755,1.29605,1.29691,6.0,0.05,
10/24/2024 09:00,1.29608,1.29709,1.29547,1.29632,2.4,0.02,
10/24/2024 08:00,1.2962,1.29727,1.2948,1.29608,-1.2,-0.01,
10/24/2024 07:00,1.2941,1.29687,1.294,1.29622,21.2,0.16,
10/24/2024 06:00,1.29296,1.2943,1.29266,1.29407,11.1,0.09,
10/24/2024 05:00,1.29301,1.2933,1.29255,1.29302,0.1,0.00,
10/24/2024 04:00,1.2925,1.29303,1.29239,1.29298,4.8,0.04,
10/24/2024 03:00,1.29247,1.2929,1.2922,1.2925,0.3,0.00,
10/24/2024 02:00,1.29228,1.2928,1.2918,1.2924,1.2,0.01,
10/24/2024 01:00,1.2924,1.29265,1.2916,1.29231,-0.9,-0.01,
10/24/2024 00:00,1.29155,1.2927,1.291,1.29257,10.2,0.08,
10/23/2024 23:00,1.2911,1.29154,1.2907,1.29154,4.4,0.03,
10/23/2024 22:00,1.29176,1.2921,1.2908,1.2911,-6.6,-0.05,
10/23/2024 21:00,1.29196,1.2928,1.2913,1.29171,-2.5,-0.02,
10/23/2024 20:00,1.29321,1.2934,1.2918,1.29196,-12.5,-0.10,
10/23/2024 19:00,1.29223,1.2934,1.292,1.29322,9.9,0.08,
10/23/2024 18:00,1.29128,1.29265,1.29076,1.29225,9.7,0.08,
10/23/2024 17:00,1.29286,1.29289,1.29123,1.29128,-15.8,-0.12,
10/23/2024 16:00,1.29437,1.29477,1.29224,1.29284,-15.3,-0.12,
10/23/2024 15:00,1.29468,1.29507,1.29351,1.29433,-3.5,-0.03,
10/23/2024 14:00,1.29515,1.29598,1.29428,1.29476,-3.9,-0.03,
10/23/2024 13:00,1.29528,1.29619,1.29477,1.29518,-1.0,-0.01,
10/23/2024 12:00,1.29513,1.29576,1.29452,1.2953,1.7,0.01,
10/23/2024 11:00,1.29749,1.2977,1.29496,1.29513,-23.6,-0.18,
10/23/2024 10:00,1.29766,1.29829,1.297,1.29752,-1.4,-0.01,
10/23/2024 09:00,1.29839,1.29875,1.29757,1.29767,-7.2,-0.06,
10/23/2024 08:00,1.29638,1.29889,1.29612,1.29844,20.6,0.16,
10/23/2024 07:00,1.29703,1.29737,1.29626,1.29643,-6.0,-0.05,
10/23/2024 06:00,1.29942,1.29946,1.29688,1.297,-24.2,-0.19,
10/23/2024 05:00,1.29889,1.29951,1.29881,1.2995,6.1,0.05,
10/23/2024 04:00,1.29854,1.29889,1.29801,1.29889,3.5,0.03,
10/23/2024 03:00,1.29886,1.2992,1.298,1.2985,-3.6,-0.03,
10/23/2024 02:00,1.29766,1.29902,1.2975,1.29887,12.1,0.09,
10/23/2024 01:00,1.29769,1.2979,1.297,1.29764,-0.5,0.00,
10/23/2024 00:00,1.29804,1.2982,1.2971,1.29778,-2.6,-0.02,
10/22/2024 23:00,1.29829,1.2984,1.2979,1.29808,-2.1,-0.02,
10/22/2024 22:00,1.29807,1.2988,1.29801,1.29826,1.9,0.01,
10/22/2024 21:00,1.29808,1.29883,1.2967,1.29799,-0.9,-0.01,
10/22/2024 20:00,1.29828,1.2986,1.2978,1.29825,-0.3,0.00,
10/22/2024 19:00,1.29786,1.29846,1.29751,1.29831,4.5,0.03,
10/22/2024 18:00,1.29824,1.29843,1.29765,1.29784,-4.0,-0.03,
10/22/2024 17:00,1.29745,1.29839,1.29729,1.29819,7.4,0.06,
10/22/2024 16:00,1.29678,1.29788,1.29656,1.29742,6.4,0.05,
10/22/2024 15:00,1.2975,1.29832,1.29672,1.29677,-7.3,-0.06,
10/22/2024 14:00,1.29619,1.29804,1.29542,1.29754,13.5,0.10,
10/22/2024 13:00,1.29554,1.29662,1.29446,1.29608,5.4,0.04,
10/22/2024 12:00,1.29794,1.2985,1.29556,1.29565,-22.9,-0.18,
10/22/2024 11:00,1.29769,1.2982,1.29718,1.29791,2.2,0.02,
10/22/2024 10:00,1.29707,1.29849,1.2966,1.29769,6.2,0.05,
10/22/2024 09:00,1.29892,1.29923,1.29686,1.29713,-17.9,-0.14,
10/22/2024 08:00,1.30094,1.30104,1.29861,1.29893,-20.1,-0.15,
10/22/2024 07:00,1.30066,1.30141,1.3001,1.30091,2.5,0.02,
10/22/2024 06:00,1.29963,1.30152,1.29945,1.3007,10.7,0.08,
10/22/2024 05:00,1.29994,1.30063,1.29976,1.29981,-1.3,-0.01,
10/22/2024 04:00,1.29951,1.3,1.29934,1.29993,4.2,0.03,
10/22/2024 03:00,1.29863,1.2996,1.2985,1.2995,8.7,0.07,
10/22/2024 02:00,1.29897,1.2993,1.2984,1.29865,-3.2,-0.02,
10/22/2024 01:00,1.29801,1.29913,1.2979,1.29903,10.2,0.08,
10/22/2024 00:00,1.29819,1.2988,1.2978,1.29804,-1.5,-0.01,
10/21/2024 23:00,1.29812,1.2984,1.2979,1.29833,2.1,0.02,
10/21/2024 22:00,1.29834,1.29853,1.29806,1.29813,-2.1,-0.02,
10/21/2024 21:00,1.29791,1.29832,1.2977,1.29827,3.6,0.03,
10/21/2024 20:00,1.29838,1.29855,1.2981,1.29843,0.5,0.00,
10/21/2024 19:00,1.29787,1.29842,1.29767,1.29838,5.1,0.04,
10/21/2024 18:00,1.29878,1.29891,1.2977,1.29786,-9.2,-0.07,
10/21/2024 17:00,1.29866,1.29919,1.29841,1.29876,1.0,0.01,
10/21/2024 16:00,1.29796,1.29875,1.29784,1.29868,7.2,0.06,
10/21/2024 15:00,1.3001,1.30015,1.29793,1.29795,-21.5,-0.17,
10/21/2024 14:00,1.30234,1.30238,1.29967,1.30011,-22.3,-0.17,
10/21/2024 13:00,1.30291,1.30316,1.30185,1.30235,-5.6,-0.04,
10/21/2024 12:00,1.30187,1.30338,1.30177,1.30294,10.7,0.08,
10/21/2024 11:00,1.30215,1.30292,1.30183,1.30186,-2.9,-0.02,
10/21/2024 10:00,1.30189,1.30239,1.3013,1.30216,2.7,0.02,
10/21/2024 09:00,1.30265,1.30339,1.30178,1.3019,-7.5,-0.06,
10/21/2024 08:00,1.30218,1.30277,1.30119,1.30265,4.7,0.04,
10/21/2024 07:00,1.30281,1.30328,1.30197,1.30219,-6.2,-0.05,
10/21/2024 06:00,1.30422,1.30422,1.30257,1.30283,-13.9,-0.11,
10/21/2024 05:00,1.30403,1.30448,1.30388,1.30421,1.8,0.01,
10/21/2024 04:00,1.30497,1.30502,1.30383,1.30403,-9.4,-0.07,
10/21/2024 03:00,1.30497,1.30527,1.30486,1.30501,0.4,0.00,
10/21/2024 02:00,1.30465,1.30531,1.30449,1.30502,3.7,0.03,
10/21/2024 01:00,1.30433,1.30528,1.30423,1.30463,3.0,0.02,
10/21/2024 00:00,1.30518,1.30534,1.30427,1.3043,-8.8,-0.07,
10/20/2024 23:00,1.30525,1.30555,1.3047,1.30519,-0.6,0.00,
10/20/2024 22:00,1.30442,1.30577,1.30442,1.30521,7.9,0.06,
10/20/2024 21:00,1.30417,1.3046,1.30373,1.30445,2.8,0.02,
10/18/2024 20:00,1.30423,1.3053,1.304,1.305,7.7,0.06,
10/18/2024 19:00,1.30452,1.30454,1.3039,1.30422,-3.0,-0.02,
10/18/2024 18:00,1.3043,1.30458,1.30385,1.30455,2.5,0.02,
10/18/2024 17:00,1.30439,1.30449,1.30379,1.30433,-0.6,0.00,
10/18/2024 16:00,1.30212,1.30445,1.30195,1.30439,22.7,0.17,
10/18/2024 15:00,1.30359,1.30422,1.302,1.30214,-14.5,-0.11,
10/18/2024 14:00,1.30491,1.3054,1.30327,1.30359,-13.2,-0.10,
10/18/2024 13:00,1.30489,1.30667,1.30432,1.30492,0.3,0.00,
10/18/2024 12:00,1.30458,1.30548,1.30418,1.30489,3.1,0.02,
10/18/2024 11:00,1.30469,1.30495,1.30409,1.30446,-2.3,-0.02,
10/18/2024 10:00,1.30345,1.30498,1.30341,1.3047,12.5,0.10,
10/18/2024 09:00,1.30407,1.30497,1.30335,1.30346,-6.1,-0.05,
10/18/2024 08:00,1.30523,1.3053,1.30344,1.30409,-11.4,-0.09,
10/18/2024 07:00,1.30599,1.30649,1.30515,1.30524,-7.5,-0.06,
10/18/2024 06:00,1.30246,1.30705,1.30246,1.30603,35.7,0.27,
10/18/2024 05:00,1.3022,1.30305,1.30198,1.30263,4.3,0.03,
10/18/2024 04:00,1.30207,1.30234,1.3019,1.30213,0.6,0.00,
10/18/2024 03:00,1.30222,1.30246,1.30177,1.30209,-1.3,-0.01,
10/18/2024 02:00,1.30167,1.30265,1.30153,1.30223,5.6,0.04,
10/18/2024 01:00,1.3014,1.30215,1.30136,1.30163,2.3,0.02,
10/18/2024 00:00,1.30145,1.30196,1.30108,1.30139,-0.6,0.00,
10/17/2024 23:00,1.30127,1.30172,1.30078,1.30148,2.1,0.02,
10/17/2024 22:00,1.3011,1.30163,1.30108,1.3013,2,0.02,
10/17/2024 21:00,1.30057,1.30122,1.30005,1.30103,4.6,0.04,
10/17/2024 20:00,1.30125,1.30144,1.30092,1.30109,-1.6,-0.01,
10/17/2024 19:00,1.30086,1.30146,1.30066,1.30125,3.9,0.03,
10/17/2024 18:00,1.30113,1.30116,1.30044,1.30084,-2.9,-0.02,
10/17/2024 17:00,1.30106,1.30155,1.30054,1.30109,0.3,0.00,
10/17/2024 16:00,1.30076,1.30123,1.29986,1.30106,3.0,0.02,
10/17/2024 15:00,1.29979,1.30187,1.29924,1.30075,9.6,0.07,
10/17/2024 14:00,1.2997,1.30046,1.29874,1.29975,0.5,0.00,
10/17/2024 13:00,1.30089,1.30102,1.29798,1.29969,-12.0,-0.09,
10/17/2024 12:00,1.30155,1.30237,1.2989,1.3009,-6.5,-0.05,
10/17/2024 11:00,1.3007,1.30175,1.3007,1.30157,8.7,0.07,
10/17/2024 10:00,1.29932,1.30107,1.29925,1.30072,14.0,0.11,
10/17/2024 09:00,1.29777,1.29947,1.29756,1.29929,15.2,0.12,
10/17/2024 08:00,1.29842,1.29967,1.29746,1.29776,-6.6,-0.05,
10/17/2024 07:00,1.29818,1.29907,1.29734,1.29841,2.3,0.02,
10/17/2024 06:00,1.29861,1.29927,1.29808,1.29825,-3.6,-0.03,
10/17/2024 05:00,1.29834,1.29881,1.2981,1.29868,3.4,0.03,
10/17/2024 04:00,1.29864,1.2987,1.29805,1.29834,-3.0,-0.02,
10/17/2024 03:00,1.29924,1.29939,1.2979,1.29859,-6.5,-0.05,
10/17/2024 02:00,1.29959,1.3001,1.2984,1.29923,-3.6,-0.03,
10/17/2024 01:00,1.29868,1.2997,1.2985,1.29952,8.4,0.06,
10/17/2024 00:00,1.29906,1.29967,1.2986,1.29873,-3.3,-0.03,
10/16/2024 23:00,1.29866,1.2991,1.29837,1.29897,3.1,0.02,
10/16/2024 22:00,1.299,1.2993,1.2985,1.29876,-2.4,-0.02,
10/16/2024 21:00,1.29881,1.3,1.2975,1.299,1.9,0.01,
10/16/2024 20:00,1.29825,1.29917,1.29815,1.29898,7.3,0.06,
10/16/2024 19:00,1.29845,1.29845,1.29764,1.29829,-1.6,-0.01,
10/16/2024 18:00,1.29955,1.29975,1.29835,1.29843,-11.2,-0.09,
10/16/2024 17:00,1.30045,1.30057,1.29923,1.29953,-9.2,-0.07,
10/16/2024 16:00,1.29994,1.3005,1.29947,1.30042,4.8,0.04,
10/16/2024 15:00,1.30092,1.30099,1.29956,1.29996,-9.6,-0.07,
10/16/2024 14:00,1.30251,1.30264,1.3002,1.30088,-16.3,-0.13,
10/16/2024 13:00,1.30151,1.30315,1.30105,1.30248,9.7,0.07,
10/16/2024 12:00,1.3031,1.30379,1.30137,1.3015,-16,-0.12,
10/16/2024 11:00,1.30149,1.30322,1.30118,1.30309,16.0,0.12,
10/16/2024 10:00,1.30167,1.30273,1.30128,1.30151,-1.6,-0.01,
10/16/2024 09:00,1.30037,1.30205,1.30006,1.30169,13.2,0.10,
10/16/2024 08:00,1.30003,1.30062,1.29916,1.30036,3.3,0.03,
10/16/2024 07:00,1.29894,1.30096,1.29822,1.30003,10.9,0.08,
10/16/2024 06:00,1.30742,1.30742,1.29861,1.29897,-84.5,-0.65,
10/16/2024 05:00,1.30739,1.30767,1.30682,1.30724,-1.5,-0.01,
10/16/2024 04:00,1.30706,1.30741,1.30694,1.30737,3.1,0.02,
10/16/2024 03:00,1.30734,1.30772,1.3069,1.30703,-3.1,-0.02,
10/16/2024 02:00,1.30728,1.3075,1.3067,1.30735,0.7,0.01,
10/16/2024 01:00,1.30643,1.3073,1.3062,1.30701,5.8,0.04,
10/16/2024 00:00,1.30641,1.3069,1.3058,1.3065,0.9,0.01,
10/15/2024 23:00,1.30684,1.30719,1.30633,1.30649,-3.5,-0.03,
10/15/2024 22:00,1.30704,1.30729,1.30652,1.30683,-2.1,-0.02,
10/15/2024 21:00,1.30713,1.30742,1.30646,1.30707,-0.6,0.00,
10/15/2024 20:00,1.30672,1.30751,1.30631,1.30738,6.6,0.05,
10/15/2024 19:00,1.30676,1.30731,1.30657,1.30672,-0.4,0.00,
10/15/2024 18:00,1.30638,1.30704,1.30613,1.30683,4.5,0.03,
10/15/2024 17:00,1.30699,1.30722,1.30602,1.30629,-7.0,-0.05,
10/15/2024 16:00,1.30818,1.30851,1.30684,1.30696,-12.2,-0.09,
10/15/2024 15:00,1.3093,1.30977,1.30814,1.30819,-11.1,-0.08,
10/15/2024 14:00,1.30892,1.30982,1.30768,1.30929,3.7,0.03,
10/15/2024 13:00,1.30882,1.31029,1.30863,1.30897,1.5,0.01,
10/15/2024 12:00,1.30769,1.30901,1.30742,1.30881,11.2,0.09,
10/15/2024 11:00,1.30815,1.30939,1.30744,1.30761,-5.4,-0.04,
10/15/2024 10:00,1.30823,1.30971,1.30804,1.30815,-0.8,-0.01,
10/15/2024 09:00,1.30762,1.30828,1.30684,1.30828,6.6,0.05,
10/15/2024 08:00,1.30733,1.30868,1.30668,1.30764,3.1,0.02,
10/15/2024 07:00,1.30488,1.30741,1.3044,1.30733,24.5,0.19,
10/15/2024 06:00,1.30454,1.30566,1.3035,1.305,4.6,0.04,
10/15/2024 05:00,1.30496,1.30496,1.30395,1.3046,-3.6,-0.03,
10/15/2024 04:00,1.30536,1.30542,1.30471,1.305,-3.6,-0.03,
10/15/2024 03:00,1.30651,1.30675,1.30534,1.30541,-11.0,-0.08,
10/15/2024 02:00,1.30642,1.30682,1.30602,1.3065,0.8,0.01,
10/15/2024 01:00,1.30653,1.30693,1.30621,1.3065,-0.3,0.00,
10/15/2024 00:00,1.3067,1.30676,1.30607,1.30657,-1.3,-0.01,
10/14/2024 23:00,1.30642,1.30677,1.30606,1.30669,2.7,0.02,
10/14/2024 22:00,1.3058,1.3065,1.30542,1.30639,5.9,0.05,
10/14/2024 21:00,1.3045,1.30612,1.30437,1.30572,12.2,0.09,
10/14/2024 20:00,1.30552,1.30615,1.30536,1.30596,4.4,0.03,
10/14/2024 19:00,1.30512,1.30615,1.30416,1.30551,3.9,0.03,
10/14/2024 18:00,1.30567,1.30593,1.30485,1.30508,-5.9,-0.05,
10/14/2024 17:00,1.30519,1.30588,1.30497,1.30573,5.4,0.04,
10/14/2024 16:00,1.3049,1.30535,1.30431,1.30518,2.8,0.02,
10/14/2024 15:00,1.30568,1.30599,1.30481,1.30492,-7.6,-0.06,
10/14/2024 14:00,1.30499,1.30583,1.30423,1.30573,7.4,0.06,
10/14/2024 13:00,1.3034,1.30586,1.30298,1.30497,15.7,0.12,
10/14/2024 12:00,1.30381,1.30469,1.30306,1.30341,-4.0,-0.03,
10/14/2024 11:00,1.30573,1.30627,1.30369,1.30385,-18.8,-0.14,
10/14/2024 10:00,1.30538,1.30617,1.30434,1.30576,3.8,0.03,
10/14/2024 09:00,1.30658,1.30677,1.3052,1.3054,-11.8,-0.09,
10/14/2024 08:00,1.3061,1.30681,1.30573,1.30666,5.6,0.04,
10/14/2024 07:00,1.3064,1.30695,1.30562,1.30621,-1.9,-0.01,
10/14/2024 06:00,1.30644,1.30721,1.30637,1.3064,-0.4,0.00,
10/14/2024 05:00,1.30588,1.30644,1.30557,1.30641,5.3,0.04,
10/14/2024 04:00,1.30595,1.30603,1.30567,1.3059,-0.5,0.00,
10/14/2024 03:00,1.30532,1.30629,1.30518,1.30596,6.4,0.05,
10/14/2024 02:00,1.30499,1.30548,1.30426,1.30527,2.8,0.02,
10/14/2024 01:00,1.3051,1.30545,1.30438,1.30501,-0.9,-0.01,
10/14/2024 00:00,1.30485,1.30532,1.30404,1.30512,2.7,0.02,
10/13/2024 23:00,1.30531,1.30545,1.30462,1.30479,-5.2,-0.04,
10/13/2024 22:00,1.30532,1.30532,1.30532,1.30532,0.0,0.00,
10/13/2024 21:00,1.30568,1.30647,1.30562,1.30643,7.5,0.06,
10/11/2024 20:00,1.30638,1.3071,1.30544,1.3066,2.2,0.02,
10/11/2024 19:00,1.30722,1.30732,1.30638,1.30642,-8.0,-0.06,
10/11/2024 18:00,1.30762,1.30782,1.30707,1.30722,-4.0,-0.03,
10/11/2024 17:00,1.30721,1.30782,1.30681,1.30768,4.7,0.04,
10/11/2024 16:00,1.30688,1.30755,1.30658,1.30723,3.5,0.03,
10/11/2024 15:00,1.30741,1.30833,1.30685,1.30691,-5.0,-0.04,
10/11/2024 14:00,1.30699,1.308,1.30663,1.3074,4.1,0.03,
10/11/2024 13:00,1.30651,1.30767,1.30566,1.30712,6.1,0.05,
10/11/2024 12:00,1.30611,1.30807,1.30546,1.30652,4.1,0.03,
10/11/2024 11:00,1.30608,1.30656,1.30514,1.30606,-0.2,0.00,
10/11/2024 10:00,1.30695,1.30708,1.30571,1.30613,-8.2,-0.06,
10/11/2024 09:00,1.30723,1.30771,1.30686,1.30703,-2.0,-0.02,
10/11/2024 08:00,1.30746,1.30821,1.30663,1.30729,-1.7,-0.01,
10/11/2024 07:00,1.30504,1.30752,1.30466,1.30752,24.8,0.19,
10/11/2024 06:00,1.30516,1.30539,1.30415,1.30503,-1.3,-0.01,
10/11/2024 05:00,1.30495,1.30523,1.30459,1.30518,2.3,0.02,
10/11/2024 04:00,1.30549,1.30553,1.30479,1.30495,-5.4,-0.04,
10/11/2024 03:00,1.30618,1.30631,1.30516,1.30545,-7.3,-0.06,
10/11/2024 02:00,1.30581,1.3063,1.30552,1.30621,4.0,0.03,
10/11/2024 01:00,1.30637,1.3067,1.3055,1.3058,-5.7,-0.04,
10/11/2024 00:00,1.30616,1.3064,1.30575,1.30637,2.1,0.02,
10/10/2024 23:00,1.30569,1.30611,1.30552,1.30611,4.2,0.03,
10/10/2024 22:00,1.30559,1.30595,1.30551,1.30566,0.7,0.01,
10/10/2024 21:00,1.30422,1.3059,1.3042,1.30555,13.3,0.10,
10/10/2024 20:00,1.30558,1.30645,1.30548,1.30589,3.1,0.02,
10/10/2024 19:00,1.30466,1.30582,1.30436,1.30552,8.6,0.07,
10/10/2024 18:00,1.30473,1.30522,1.30441,1.30468,-0.5,0.00,
10/10/2024 17:00,1.30347,1.30527,1.30217,1.30471,12.4,0.10,
10/10/2024 16:00,1.30528,1.30596,1.30308,1.30348,-18.0,-0.14,
10/10/2024 15:00,1.30492,1.30553,1.30396,1.30526,3.4,0.03,
10/10/2024 14:00,1.30581,1.30643,1.30252,1.30487,-9.4,-0.07,
10/10/2024 13:00,1.30754,1.30848,1.30404,1.3058,-17.4,-0.13,
10/10/2024 12:00,1.30673,1.30881,1.30209,1.30762,8.9,0.07,
10/10/2024 11:00,1.30915,1.30939,1.30663,1.30668,-24.7,-0.19,
10/10/2024 10:00,1.30771,1.30918,1.30709,1.30915,14.4,0.11,
10/10/2024 09:00,1.30741,1.30787,1.30678,1.30768,2.7,0.02,
10/10/2024 08:00,1.30829,1.30829,1.30673,1.30737,-9.2,-0.07,
10/10/2024 07:00,1.30771,1.30889,1.30728,1.30832,6.1,0.05,
10/10/2024 06:00,1.30724,1.30817,1.30672,1.30772,4.8,0.04,
10/10/2024 05:00,1.30723,1.30765,1.30677,1.3072,-0.3,0.00,
10/10/2024 04:00,1.30757,1.3078,1.30712,1.30719,-3.8,-0.03,
10/10/2024 03:00,1.30714,1.30777,1.30708,1.30756,4.2,0.03,
10/10/2024 02:00,1.30723,1.3078,1.30672,1.30716,-0.7,-0.01,
10/10/2024 01:00,1.3068,1.30772,1.30668,1.30727,4.7,0.04,
10/10/2024 00:00,1.30659,1.30727,1.30648,1.30688,2.9,0.02,
10/09/2024 23:00,1.3064,1.30707,1.30625,1.30664,2.4,0.02,
10/09/2024 22:00,1.30681,1.3072,1.30621,1.30639,-4.2,-0.03,
10/09/2024 21:00,1.30653,1.30706,1.30646,1.30671,1.8,0.01,
10/09/2024 20:00,1.30638,1.30754,1.30595,1.30724,8.6,0.07,
10/09/2024 19:00,1.30653,1.30722,1.30638,1.30638,-1.5,-0.01,
10/09/2024 18:00,1.30669,1.30761,1.30642,1.30652,-1.7,-0.01,
10/09/2024 17:00,1.30681,1.30709,1.30622,1.30669,-1.2,-0.01,
10/09/2024 16:00,1.3079,1.3079,1.30653,1.30685,-10.5,-0.08,
10/09/2024 15:00,1.3074,1.30888,1.3072,1.30787,4.7,0.04,
10/09/2024 14:00,1.30746,1.30826,1.30659,1.30738,-0.8,-0.01,
10/09/2024 13:00,1.30827,1.30842,1.30707,1.30751,-7.6,-0.06,
10/09/2024 12:00,1.30844,1.30893,1.30786,1.30827,-1.7,-0.01,
10/09/2024 11:00,1.30918,1.30957,1.30816,1.30845,-7.3,-0.06,
10/09/2024 10:00,1.3087,1.30956,1.30852,1.3092,5,0.04,
10/09/2024 09:00,1.30778,1.30894,1.30761,1.30874,9.6,0.07,
10/09/2024 08:00,1.30828,1.30896,1.30675,1.30776,-5.2,-0.04,
10/09/2024 07:00,1.30738,1.30834,1.30555,1.30831,9.3,0.07,
10/09/2024 06:00,1.30938,1.30963,1.30728,1.30739,-19.9,-0.15,
10/09/2024 05:00,1.30849,1.31017,1.30845,1.3093,8.1,0.06,
10/09/2024 04:00,1.3085,1.3088,1.30811,1.30839,-1.1,-0.01,
10/09/2024 03:00,1.30897,1.30903,1.3082,1.30841,-5.6,-0.04,
10/09/2024 02:00,1.30966,1.30993,1.3088,1.30896,-7.0,-0.05,
10/09/2024 01:00,1.30993,1.3102,1.3091,1.30966,-2.7,-0.02,
10/09/2024 00:00,1.30926,1.3103,1.3091,1.30998,7.2,0.05,
10/08/2024 23:00,1.31035,1.3105,1.3092,1.30943,-9.2,-0.07,
10/08/2024 22:00,1.31021,1.3105,1.30977,1.31031,1.0,0.01,
10/08/2024 21:00,1.31021,1.3106,1.3091,1.31027,0.6,0.00,
10/08/2024 20:00,1.30995,1.3106,1.3096,1.31042,4.7,0.04,
10/08/2024 19:00,1.30912,1.3101,1.3085,1.30997,8.5,0.06,
10/08/2024 18:00,1.30898,1.30936,1.3085,1.30912,1.4,0.01,
10/08/2024 17:00,1.30869,1.3091,1.3075,1.30888,1.9,0.01,
10/08/2024 16:00,1.3092,1.3096,1.3084,1.30879,-4.1,-0.03,
10/08/2024 15:00,1.30924,1.3099,1.3079,1.3092,-0.4,0.00,
10/08/2024 14:00,1.31039,1.3106,1.3086,1.30944,-9.5,-0.07,
10/08/2024 13:00,1.3101,1.31121,1.3098,1.31031,2.1,0.02,
10/08/2024 12:00,1.31039,1.31135,1.3093,1.30981,-5.8,-0.04,
10/08/2024 11:00,1.31007,1.3107,1.309,1.3105,4.3,0.03,
10/08/2024 10:00,1.30943,1.31072,1.309,1.30997,5.4,0.04,
10/08/2024 09:00,1.30996,1.3102,1.3088,1.30953,-4.3,-0.03,
10/08/2024 08:00,1.31015,1.31038,1.3085,1.30999,-1.6,-0.01,
10/08/2024 07:00,1.30753,1.31029,1.3062,1.31021,26.8,0.20,
10/08/2024 06:00,1.30904,1.3096,1.3073,1.3075,-15.4,-0.12,
10/08/2024 05:00,1.30895,1.3096,1.3085,1.30899,0.4,0.00,
10/08/2024 04:00,1.3092,1.3096,1.3089,1.30923,0.3,0.00,
10/08/2024 03:00,1.30911,1.31,1.3089,1.30905,-0.6,0.00,
10/08/2024 02:00,1.30977,1.31,1.3083,1.3091,-6.7,-0.05,
10/08/2024 01:00,1.31,1.31036,1.3093,1.30977,-2.3,-0.02,
10/08/2024 00:00,1.30843,1.30999,1.3083,1.30995,15.2,0.12,
10/07/2024 23:00,1.30851,1.3088,1.3081,1.30839,-1.2,-0.01,
10/07/2024 22:00,1.30807,1.3087,1.30776,1.3085,4.3,0.03,
10/07/2024 21:00,1.3081,1.3088,1.30651,1.3083,2,0.02,
10/07/2024 20:00,1.3082,1.30851,1.3079,1.30822,0.2,0.00,
10/07/2024 19:00,1.30708,1.3085,1.3068,1.30813,10.5,0.08,
10/07/2024 18:00,1.30884,1.30884,1.3069,1.30733,-15.1,-0.12,
10/07/2024 17:00,1.30885,1.3097,1.3086,1.3088,-0.5,0.00,
10/07/2024 16:00,1.30793,1.3093,1.3076,1.309,10.7,0.08,
10/07/2024 15:00,1.30782,1.30871,1.3073,1.30817,3.5,0.03,
10/07/2024 14:00,1.30727,1.30853,1.3067,1.3078,5.3,0.04,
10/07/2024 13:00,1.30777,1.3094,1.307,1.30723,-5.4,-0.04,
10/07/2024 12:00,1.30811,1.30895,1.3065,1.3079,-2.1,-0.02,
10/07/2024 11:00,1.30635,1.309,1.3058,1.30827,19.2,0.15,
10/07/2024 10:00,1.30705,1.3077,1.3061,1.3064,-6.5,-0.05,
10/07/2024 09:00,1.30887,1.30887,1.30645,1.3073,-15.7,-0.12,
10/07/2024 08:00,1.31095,1.3117,1.30847,1.30881,-21.4,-0.16,
10/07/2024 07:00,1.31141,1.31201,1.30959,1.31092,-4.9,-0.04,
10/07/2024 06:00,1.31061,1.3122,1.31031,1.31111,5.0,0.04,
10/07/2024 05:00,1.31159,1.3119,1.31028,1.31064,-9.5,-0.07,
10/07/2024 04:00,1.31291,1.3131,1.3117,1.31184,-10.7,-0.08,
10/07/2024 03:00,1.31256,1.313,1.31228,1.31269,1.3,0.01,
10/07/2024 02:00,1.31254,1.3131,1.31234,1.31256,0.2,0.00,
10/07/2024 01:00,1.3119,1.3134,1.3119,1.31244,5.4,0.04,
10/07/2024 00:00,1.31225,1.3128,1.31178,1.31204,-2.1,-0.02,
10/06/2024 23:00,1.31169,1.3125,1.31154,1.31234,6.5,0.05,
10/06/2024 22:00,1.31171,1.31195,1.31099,1.31167,-0.4,0.00,
10/06/2024 21:00,1.31127,1.31208,1.31127,1.31153,2.6,0.02,
10/04/2024 20:00,1.31254,1.313,1.31132,1.3122,-3.4,-0.03,
10/04/2024 19:00,1.31226,1.31284,1.31189,1.31263,3.7,0.03,
10/04/2024 18:00,1.31218,1.31246,1.31143,1.31225,0.7,0.01,
10/04/2024 17:00,1.31144,1.31286,1.31143,1.31211,6.7,0.05,
10/04/2024 16:00,1.31062,1.31173,1.30955,1.31155,9.3,0.07,
10/04/2024 15:00,1.31126,1.31153,1.30931,1.31054,-7.2,-0.05,
10/04/2024 14:00,1.30995,1.31194,1.30995,1.31125,13.0,0.10,
10/04/2024 13:00,1.30787,1.31028,1.307,1.30993,20.6,0.16,
10/04/2024 12:00,1.31694,1.31752,1.30751,1.30788,-90.6,-0.69,
10/04/2024 11:00,1.3165,1.3173,1.31638,1.31699,4.9,0.04,
10/04/2024 10:00,1.31668,1.31746,1.31639,1.31651,-1.7,-0.01,
10/04/2024 09:00,1.31567,1.31704,1.31447,1.31666,9.9,0.08,
10/04/2024 08:00,1.31589,1.31654,1.31453,1.31561,-2.8,-0.02,
10/04/2024 07:00,1.31484,1.31672,1.31403,1.31583,9.9,0.08,
10/04/2024 06:00,1.31372,1.31561,1.31299,1.31486,11.4,0.09,
10/04/2024 05:00,1.31276,1.31412,1.31265,1.31377,10.1,0.08,
10/04/2024 04:00,1.3128,1.31328,1.31231,1.31272,-0.8,-0.01,
10/04/2024 03:00,1.313,1.3131,1.31232,1.31286,-1.4,-0.01,
10/04/2024 02:00,1.31301,1.31358,1.31282,1.31296,-0.5,0.00,
10/04/2024 01:00,1.31307,1.31322,1.3123,1.31294,-1.3,-0.01,
10/04/2024 00:00,1.31287,1.31341,1.31266,1.31301,1.4,0.01,
10/03/2024 23:00,1.31273,1.31318,1.31256,1.31285,1.2,0.01,
10/03/2024 22:00,1.31211,1.313,1.31209,1.31272,6.1,0.05,
10/03/2024 21:00,1.31145,1.31247,1.31129,1.31207,6.2,0.05,
10/03/2024 20:00,1.31202,1.31262,1.31199,1.31228,2.6,0.02,
10/03/2024 19:00,1.31134,1.31253,1.31121,1.3121,7.6,0.06,
10/03/2024 18:00,1.31239,1.3126,1.31126,1.31139,-10.0,-0.08,
10/03/2024 17:00,1.31254,1.3132,1.31221,1.3124,-1.4,-0.01,
10/03/2024 16:00,1.31116,1.31316,1.31104,1.31255,13.9,0.11,
10/03/2024 15:00,1.3107,1.31221,1.3103,1.31114,4.4,0.03,
10/03/2024 14:00,1.31135,1.31191,1.3092,1.31075,-6.0,-0.05,
10/03/2024 13:00,1.3113,1.3127,1.31072,1.31148,1.8,0.01,
10/03/2024 12:00,1.31126,1.31231,1.30963,1.31134,0.8,0.01,
10/03/2024 11:00,1.31173,1.31185,1.30925,1.31126,-4.7,-0.04,
10/03/2024 10:00,1.3116,1.31213,1.31073,1.31177,1.7,0.01,
10/03/2024 09:00,1.31157,1.31285,1.311,1.31164,0.7,0.01,
10/03/2024 08:00,1.3154,1.3156,1.3106,1.31165,-37.5,-0.29,
10/03/2024 07:00,1.31692,1.31763,1.31481,1.31542,-15.0,-0.11,
10/03/2024 06:00,1.31824,1.31931,1.31661,1.31697,-12.7,-0.10,
10/03/2024 05:00,1.32444,1.32463,1.31686,1.31831,-61.3,-0.46,
10/03/2024 04:00,1.32502,1.3252,1.32431,1.32443,-5.9,-0.04,
10/03/2024 03:00,1.32522,1.32542,1.32464,1.32501,-2.1,-0.02,
10/03/2024 02:00,1.32573,1.32583,1.32501,1.32521,-5.2,-0.04,
10/03/2024 01:00,1.32617,1.32632,1.32509,1.32568,-4.9,-0.04,
10/03/2024 00:00,1.32624,1.3265,1.32536,1.32613,-1.1,-0.01,
10/02/2024 23:00,1.32652,1.32685,1.32608,1.3263,-2.2,-0.02,
10/02/2024 22:00,1.32621,1.32704,1.32621,1.3265,2.9,0.02,
10/02/2024 21:00,1.32574,1.32698,1.32565,1.32636,6.2,0.05,
10/02/2024 20:00,1.32712,1.32731,1.32658,1.32667,-4.5,-0.03,
10/02/2024 19:00,1.32613,1.32735,1.32581,1.32708,9.5,0.07,
10/02/2024 18:00,1.32707,1.32729,1.32599,1.32611,-9.6,-0.07,
10/02/2024 17:00,1.32713,1.32751,1.32637,1.32704,-0.9,-0.01,
10/02/2024 16:00,1.327,1.32788,1.32668,1.32712,1.2,0.01,
10/02/2024 15:00,1.32504,1.32738,1.32459,1.32704,20.0,0.15,
10/02/2024 14:00,1.32636,1.32743,1.32478,1.32503,-13.3,-0.10,
10/02/2024 13:00,1.32739,1.32836,1.32537,1.32634,-10.5,-0.08,
10/02/2024 12:00,1.32932,1.32965,1.32724,1.32732,-20.0,-0.15,
10/02/2024 11:00,1.32777,1.32955,1.32748,1.32932,15.5,0.12,
10/02/2024 10:00,1.32922,1.32962,1.32766,1.32776,-14.6,-0.11,
10/02/2024 09:00,1.32964,1.32976,1.32826,1.32923,-4.1,-0.03,
10/02/2024 08:00,1.3288,1.33053,1.32835,1.32967,8.7,0.07,
10/02/2024 07:00,1.32833,1.33006,1.32831,1.32882,4.9,0.04,
10/02/2024 06:00,1.32719,1.32875,1.32675,1.32822,10.3,0.08,
10/02/2024 05:00,1.32695,1.32748,1.32604,1.32722,2.7,0.02,
10/02/2024 04:00,1.32857,1.32912,1.32676,1.32696,-16.1,-0.12,
10/02/2024 03:00,1.32836,1.32876,1.3281,1.32859,2.3,0.02,
10/02/2024 02:00,1.32924,1.3296,1.32807,1.32836,-8.8,-0.07,
10/02/2024 01:00,1.32771,1.32954,1.32771,1.32927,15.6,0.12,
10/02/2024 00:00,1.32742,1.32859,1.32741,1.32766,2.4,0.02,
10/01/2024 23:00,1.32786,1.32799,1.32718,1.32742,-4.4,-0.03,
10/01/2024 22:00,1.32823,1.32857,1.32783,1.32784,-3.9,-0.03,
10/01/2024 21:00,1.32808,1.32861,1.32799,1.32823,1.5,0.01,
10/01/2024 20:00,1.32809,1.32864,1.32777,1.32846,3.7,0.03,
10/01/2024 19:00,1.32845,1.32902,1.32775,1.32802,-4.3,-0.03,
10/01/2024 18:00,1.32686,1.32863,1.32686,1.32844,15.8,0.12,
10/01/2024 17:00,1.32543,1.32687,1.32368,1.32685,14.2,0.11,
10/01/2024 16:00,1.32789,1.32828,1.32458,1.32551,-23.8,-0.18,
10/01/2024 15:00,1.32889,1.32902,1.32635,1.32794,-9.5,-0.07,
10/01/2024 14:00,1.3304,1.33224,1.32856,1.32884,-15.6,-0.12,
10/01/2024 13:00,1.33186,1.33277,1.32925,1.33052,-13.4,-0.10,
10/01/2024 12:00,1.33202,1.33287,1.33162,1.33183,-1.9,-0.01,
10/01/2024 11:00,1.33237,1.33326,1.33107,1.33204,-3.3,-0.02,
10/01/2024 10:00,1.33251,1.33262,1.33111,1.33237,-1.4,-0.01,
10/01/2024 09:00,1.33318,1.33389,1.3322,1.33251,-6.7,-0.05,
10/01/2024 08:00,1.33386,1.33492,1.33258,1.33307,-7.9,-0.06,
10/01/2024 07:00,1.33674,1.3377,1.33341,1.33382,-29.2,-0.22,
10/01/2024 06:00,1.33727,1.33849,1.33623,1.33677,-5.0,-0.04,
10/01/2024 05:00,1.33805,1.33851,1.33712,1.33728,-7.7,-0.06,
10/01/2024 04:00,1.33708,1.33807,1.33682,1.33799,9.1,0.07,
10/01/2024 03:00,1.33796,1.33815,1.33706,1.33709,-8.7,-0.07,
10/01/2024 02:00,1.33891,1.33895,1.33783,1.33796,-9.5,-0.07,
10/01/2024 01:00,1.3375,1.33896,1.33721,1.33891,14.1,0.11,
10/01/2024 00:00,1.33773,1.33787,1.33689,1.33748,-2.5,-0.02,
09/30/2024 23:00,1.33803,1.33827,1.33735,1.33775,-2.8,-0.02,
09/30/2024 22:00,1.33704,1.33808,1.33704,1.33803,9.9,0.07,
09/30/2024 21:00,1.33672,1.33762,1.33666,1.33703,3.1,0.02,
09/30/2024 20:00,1.33715,1.33766,1.3367,1.33765,5.0,0.04,
09/30/2024 19:00,1.33748,1.33776,1.33553,1.33699,-4.9,-0.04,
09/30/2024 18:00,1.33959,1.33978,1.33502,1.3375,-20.9,-0.16,
09/30/2024 17:00,1.3402,1.34082,1.33954,1.3396,-6,-0.04,
09/30/2024 16:00,1.33974,1.34072,1.33906,1.34021,4.7,0.04,
09/30/2024 15:00,1.34118,1.3417,1.33865,1.33974,-14.4,-0.11,
09/30/2024 14:00,1.33838,1.34157,1.33598,1.34124,28.6,0.21,
09/30/2024 13:00,1.33863,1.33968,1.33765,1.33841,-2.2,-0.02,
09/30/2024 12:00,1.34023,1.34058,1.33812,1.3386,-16.3,-0.12,
09/30/2024 11:00,1.34066,1.34175,1.33998,1.34023,-4.3,-0.03,
09/30/2024 10:00,1.33943,1.34069,1.33854,1.34067,12.4,0.09,
09/30/2024 09:00,1.34178,1.34178,1.33934,1.33944,-23.4,-0.17,
09/30/2024 08:00,1.33989,1.34231,1.33909,1.34173,18.4,0.14,
09/30/2024 07:00,1.3384,1.33994,1.3374,1.33982,14.2,0.11,
09/30/2024 06:00,1.33897,1.33922,1.33792,1.33847,-5.0,-0.04,
09/30/2024 05:00,1.33884,1.33969,1.33876,1.33902,1.8,0.01,
09/30/2024 04:00,1.3384,1.33892,1.3384,1.33878,3.8,0.03,
09/30/2024 03:00,1.33804,1.33843,1.33774,1.33839,3.5,0.03,
09/30/2024 02:00,1.33807,1.33823,1.33737,1.33805,-0.2,0.00,
09/30/2024 01:00,1.33827,1.33897,1.33759,1.33809,-1.8,-0.01,
09/30/2024 00:00,1.33828,1.33846,1.33792,1.33824,-0.4,0.00,
09/29/2024 23:00,1.338,1.33839,1.33789,1.33825,2.5,0.02,
09/29/2024 22:00,1.33706,1.33837,1.33701,1.33801,9.5,0.07,
09/29/2024 21:00,1.33671,1.33733,1.33671,1.33712,4.1,0.03,
09/27/2024 20:00,1.33759,1.3387,1.33637,1.3378,2.1,0.02,
09/27/2024 19:00,1.3386,1.33861,1.3375,1.3376,-10,-0.07,
09/27/2024 18:00,1.33813,1.3386,1.33719,1.3385,3.7,0.03,
09/27/2024 17:00,1.33832,1.33883,1.3374,1.33815,-1.7,-0.01,
09/27/2024 16:00,1.33934,1.33961,1.3378,1.33831,-10.3,-0.08,
09/27/2024 15:00,1.34076,1.34089,1.33896,1.33937,-13.9,-0.10,
09/27/2024 14:00,1.34031,1.3423,1.3395,1.34076,4.5,0.03,
09/27/2024 13:00,1.3424,1.34274,1.33962,1.34033,-20.7,-0.15,
09/27/2024 12:00,1.33881,1.3426,1.33764,1.34252,37.1,0.28,
09/27/2024 11:00,1.33883,1.33958,1.3384,1.33877,-0.6,0.00,
09/27/2024 10:00,1.33825,1.3398,1.3377,1.33889,6.4,0.05,
09/27/2024 09:00,1.33738,1.3386,1.3369,1.3383,9.2,0.07,
09/27/2024 08:00,1.33674,1.3377,1.3358,1.33728,5.4,0.04,
09/27/2024 07:00,1.33884,1.339,1.33588,1.33673,-21.1,-0.16,
09/27/2024 06:00,1.33826,1.33967,1.3377,1.33886,6.0,0.04,
09/27/2024 05:00,1.3385,1.33887,1.3374,1.33817,-3.3,-0.02,
09/27/2024 04:00,1.33929,1.3394,1.3378,1.3386,-6.9,-0.05,
09/27/2024 03:00,1.3393,1.3398,1.339,1.33922,-0.8,-0.01,
09/27/2024 02:00,1.33891,1.3395,1.3383,1.33931,4.0,0.03,
09/27/2024 01:00,1.33982,1.3402,1.3384,1.33898,-8.4,-0.06,
09/27/2024 00:00,1.34101,1.3411,1.3396,1.3399,-11.1,-0.08,
09/26/2024 23:00,1.34118,1.3414,1.3404,1.3408,-3.8,-0.03,
09/26/2024 22:00,1.34126,1.3416,1.34086,1.3411,-1.6,-0.01,
09/26/2024 21:00,1.3414,1.3418,1.33939,1.34127,-1.3,-0.01,
09/26/2024 20:00,1.34142,1.3416,1.3409,1.34144,0.2,0.00,
09/26/2024 19:00,1.34191,1.34251,1.34087,1.34141,-5.0,-0.04,
09/26/2024 18:00,1.34182,1.34246,1.34087,1.3419,0.8,0.01,
09/26/2024 17:00,1.34097,1.3421,1.3406,1.34172,7.5,0.06,
09/26/2024 16:00,1.34282,1.34282,1.3403,1.3408,-20.2,-0.15,
09/26/2024 15:00,1.33947,1.34342,1.339,1.34304,35.7,0.27,
09/26/2024 14:00,1.33661,1.33996,1.335,1.3396,29.9,0.22,
09/26/2024 13:00,1.3372,1.33764,1.33494,1.33644,-7.6,-0.06,
09/26/2024 12:00,1.3374,1.33828,1.3351,1.33747,0.7,0.01,
09/26/2024 11:00,1.3379,1.33892,1.3369,1.3375,-4,-0.03,
09/26/2024 10:00,1.33568,1.338,1.3349,1.33763,19.5,0.15,
09/26/2024 09:00,1.33515,1.3367,1.3348,1.33566,5.1,0.04,
09/26/2024 08:00,1.33441,1.33559,1.3333,1.33512,7.1,0.05,
09/26/2024 07:00,1.3346,1.3358,1.334,1.33437,-2.3,-0.02,
09/26/2024 06:00,1.33475,1.33492,1.3341,1.33462,-1.3,-0.01,
09/26/2024 05:00,1.33391,1.335,1.3336,1.33483,9.2,0.07,
09/26/2024 04:00,1.33384,1.3343,1.3333,1.33391,0.7,0.01,
09/26/2024 03:00,1.33355,1.33406,1.3333,1.33384,2.9,0.02,
09/26/2024 02:00,1.33338,1.33365,1.3327,1.33355,1.7,0.01,
09/26/2024 01:00,1.33278,1.33367,1.33204,1.33335,5.7,0.04,
09/26/2024 00:00,1.33129,1.33283,1.3312,1.33276,14.7,0.11,
09/25/2024 23:00,1.332,1.3322,1.33128,1.33137,-6.3,-0.05,
09/25/2024 22:00,1.33212,1.3324,1.33161,1.33202,-1.0,-0.01,
09/25/2024 21:00,1.33226,1.333,1.3315,1.33194,-3.2,-0.02,
09/25/2024 20:00,1.33154,1.3323,1.33123,1.33225,7.1,0.05,
09/25/2024 19:00,1.33204,1.33234,1.33126,1.33157,-4.7,-0.04,
09/25/2024 18:00,1.33299,1.33326,1.3319,1.33207,-9.2,-0.07,
09/25/2024 17:00,1.33326,1.33328,1.33142,1.33301,-2.5,-0.02,
09/25/2024 16:00,1.33379,1.33419,1.33272,1.33329,-5.0,-0.04,
09/25/2024 15:00,1.33745,1.33781,1.33345,1.33379,-36.6,-0.27,
09/25/2024 14:00,1.33963,1.3402,1.3366,1.33736,-22.7,-0.17,
09/25/2024 13:00,1.33962,1.34123,1.33941,1.33962,0.0,0.00,
09/25/2024 12:00,1.33759,1.33962,1.33755,1.33954,19.5,0.15,
09/25/2024 11:00,1.33683,1.33763,1.33657,1.33763,8.0,0.06,
09/25/2024 10:00,1.33715,1.33774,1.33636,1.3368,-3.5,-0.03,
09/25/2024 09:00,1.33789,1.33827,1.33694,1.33719,-7.0,-0.05,
09/25/2024 08:00,1.33891,1.33936,1.33753,1.33793,-9.8,-0.07,
09/25/2024 07:00,1.33987,1.34065,1.33827,1.33891,-9.6,-0.07,
09/25/2024 06:00,1.34097,1.34139,1.33917,1.33984,-11.3,-0.08,
09/25/2024 05:00,1.34177,1.34186,1.34063,1.34096,-8.1,-0.06,
09/25/2024 04:00,1.34228,1.34239,1.34134,1.34175,-5.3,-0.04,
09/25/2024 03:00,1.34181,1.34249,1.34139,1.34231,5.0,0.04,
09/25/2024 02:00,1.34137,1.34218,1.34124,1.34178,4.1,0.03,
09/25/2024 01:00,1.34233,1.34251,1.34101,1.34149,-8.4,-0.06,
09/25/2024 00:00,1.3427,1.34298,1.34174,1.34232,-3.8,-0.03,
09/24/2024 23:00,1.34215,1.34273,1.34173,1.34265,5.0,0.04,
09/24/2024 22:00,1.34102,1.34221,1.34102,1.34215,11.3,0.08,
09/24/2024 21:00,1.34108,1.34121,1.34091,1.34103,-0.5,0.00,
09/24/2024 20:00,1.34147,1.34158,1.34102,1.34133,-1.4,-0.01,
09/24/2024 19:00,1.34007,1.34153,1.33982,1.34143,13.6,0.10,
09/24/2024 18:00,1.33967,1.34008,1.33929,1.34004,3.7,0.03,
09/24/2024 17:00,1.33901,1.33988,1.33877,1.33965,6.4,0.05,
09/24/2024 16:00,1.3375,1.33971,1.3375,1.33903,15.3,0.11,
09/24/2024 15:00,1.33891,1.33946,1.33673,1.33754,-13.7,-0.10,
09/24/2024 14:00,1.338,1.33988,1.33789,1.33897,9.7,0.07,
09/24/2024 13:00,1.33869,1.3394,1.33722,1.33797,-7.2,-0.05,
09/24/2024 12:00,1.33703,1.33899,1.33703,1.33864,16.1,0.12,
09/24/2024 11:00,1.33673,1.33714,1.33587,1.33704,3.1,0.02,
09/24/2024 10:00,1.33763,1.33815,1.33663,1.33672,-9.1,-0.07,
09/24/2024 09:00,1.33765,1.33831,1.33699,1.33766,0.1,0.00,
09/24/2024 08:00,1.33493,1.33814,1.33492,1.33771,27.8,0.21,
09/24/2024 07:00,1.33506,1.33602,1.33417,1.33492,-1.4,-0.01,
09/24/2024 06:00,1.33532,1.33658,1.33312,1.33508,-2.4,-0.02,
09/24/2024 05:00,1.3358,1.33664,1.33527,1.3353,-5,-0.04,
09/24/2024 04:00,1.33533,1.33583,1.33481,1.33582,4.9,0.04,
09/24/2024 03:00,1.33461,1.33554,1.3346,1.33527,6.6,0.05,
09/24/2024 02:00,1.33483,1.33484,1.33399,1.33462,-2.1,-0.02,
09/24/2024 01:00,1.33445,1.33571,1.3343,1.33487,4.2,0.03,
09/24/2024 00:00,1.33483,1.33542,1.33425,1.33443,-4.0,-0.03,
09/23/2024 23:00,1.33472,1.33494,1.33427,1.33489,1.7,0.01,
09/23/2024 22:00,1.33451,1.33498,1.33448,1.33463,1.2,0.01,
09/23/2024 21:00,1.33392,1.33462,1.33334,1.33451,5.9,0.04,
09/23/2024 20:00,1.33474,1.33503,1.33423,1.33483,0.9,0.01,
09/23/2024 19:00,1.3347,1.33486,1.33424,1.33476,0.6,0.00,
09/23/2024 18:00,1.33464,1.33527,1.33428,1.3347,0.6,0.00,
09/23/2024 17:00,1.33431,1.33543,1.33372,1.33475,4.4,0.03,
09/23/2024 16:00,1.33503,1.33504,1.3337,1.33433,-7.0,-0.05,
09/23/2024 15:00,1.33508,1.33593,1.33392,1.33509,0.1,0.00,
09/23/2024 14:00,1.33342,1.33558,1.33264,1.335,15.8,0.12,
09/23/2024 13:00,1.33271,1.33361,1.33124,1.33347,7.6,0.06,
09/23/2024 12:00,1.33129,1.33293,1.32995,1.33268,13.9,0.10,
09/23/2024 11:00,1.32999,1.33186,1.32996,1.33125,12.6,0.09,
09/23/2024 10:00,1.32871,1.33056,1.32861,1.33001,13.0,0.10,
09/23/2024 09:00,1.32716,1.32908,1.32711,1.32865,14.9,0.11,
09/23/2024 08:00,1.32623,1.32742,1.32485,1.32712,8.9,0.07,
09/23/2024 07:00,1.3307,1.33084,1.32602,1.32632,-43.8,-0.33,
09/23/2024 06:00,1.33175,1.33202,1.33056,1.3307,-10.5,-0.08,
09/23/2024 05:00,1.33162,1.33202,1.33136,1.33171,0.9,0.01,
09/23/2024 04:00,1.33098,1.33186,1.3307,1.33161,6.3,0.05,
09/23/2024 03:00,1.33132,1.332,1.33087,1.33095,-3.7,-0.03,
09/23/2024 02:00,1.33118,1.33143,1.33076,1.33135,1.7,0.01,
09/23/2024 01:00,1.33112,1.3317,1.33081,1.33121,0.9,0.01,
09/23/2024 00:00,1.3312,1.33141,1.33083,1.33112,-0.8,-0.01,
09/22/2024 23:00,1.33186,1.33198,1.33119,1.33121,-6.5,-0.05,
09/22/2024 22:00,1.33157,1.3323,1.33157,1.33182,2.5,0.02,
09/22/2024 21:00,1.33085,1.33188,1.33058,1.33153,6.8,0.05,
09/20/2024 20:00,1.33158,1.3323,1.3302,1.3323,7.2,0.05,
09/20/2024 19:00,1.33179,1.332,1.3311,1.33159,-2.0,-0.02,
09/20/2024 18:00,1.3312,1.33199,1.3305,1.33178,5.8,0.04,
09/20/2024 17:00,1.33261,1.3328,1.3308,1.33128,-13.3,-0.10,
09/20/2024 16:00,1.33043,1.33315,1.33022,1.33259,21.6,0.16,
09/20/2024 15:00,1.32806,1.3307,1.3267,1.33028,22.2,0.17,
09/20/2024 14:00,1.3282,1.32945,1.3271,1.32788,-3.2,-0.02,
09/20/2024 13:00,1.33205,1.33234,1.328,1.32825,-38.0,-0.29,
09/20/2024 12:00,1.32999,1.3323,1.3298,1.33208,20.9,0.16,
09/20/2024 11:00,1.3284,1.3299,1.3279,1.32975,13.5,0.10,
09/20/2024 10:00,1.3294,1.3297,1.328,1.32823,-11.7,-0.09,
09/20/2024 09:00,1.33,1.33061,1.32831,1.32919,-8.1,-0.06,
09/20/2024 08:00,1.33114,1.33167,1.32888,1.32996,-11.8,-0.09,
09/20/2024 07:00,1.33256,1.3341,1.33067,1.33133,-12.3,-0.09,
09/20/2024 06:00,1.32934,1.3331,1.32922,1.33259,32.5,0.24,
09/20/2024 05:00,1.32923,1.3297,1.3285,1.32954,3.1,0.02,
09/20/2024 04:00,1.32938,1.3298,1.3289,1.32915,-2.3,-0.02,
09/20/2024 03:00,1.32865,1.33015,1.3285,1.32936,7.1,0.05,
09/20/2024 02:00,1.32806,1.32873,1.3277,1.32864,5.8,0.04,
09/20/2024 01:00,1.32776,1.3284,1.3273,1.32814,3.8,0.03,
09/20/2024 00:00,1.32809,1.32823,1.3271,1.32768,-4.1,-0.03,
09/19/2024 23:00,1.32787,1.3282,1.3275,1.32792,0.5,0.00,
09/19/2024 22:00,1.32806,1.3285,1.3276,1.32786,-2.0,-0.02,
09/19/2024 21:00,1.3281,1.3286,1.32706,1.32808,-0.2,0.00,
09/19/2024 20:00,1.32815,1.3287,1.3277,1.3284,2.5,0.02,
09/19/2024 19:00,1.32819,1.3283,1.3272,1.32818,-0.1,0.00,
09/19/2024 18:00,1.32846,1.329,1.3278,1.32823,-2.3,-0.02,
09/19/2024 17:00,1.32814,1.3286,1.3274,1.32844,3.0,0.02,
09/19/2024 16:00,1.32788,1.329,1.3275,1.32808,2.0,0.02,
09/19/2024 15:00,1.32493,1.32791,1.32446,1.32785,29.2,0.22,
09/19/2024 14:00,1.32328,1.32531,1.3221,1.32511,18.3,0.14,
09/19/2024 13:00,1.32399,1.32615,1.32183,1.32325,-7.4,-0.06,
09/19/2024 12:00,1.32849,1.3291,1.3239,1.32405,-44.4,-0.34,
09/19/2024 11:00,1.32629,1.3314,1.3262,1.32848,21.9,0.16,
09/19/2024 10:00,1.32828,1.3285,1.32579,1.32631,-19.7,-0.15,
09/19/2024 09:00,1.32623,1.32874,1.3261,1.32813,19.0,0.14,
09/19/2024 08:00,1.32462,1.32651,1.32429,1.32604,14.2,0.11,
09/19/2024 07:00,1.32553,1.3259,1.3239,1.3244,-11.3,-0.09,
09/19/2024 06:00,1.32246,1.32543,1.32225,1.32535,28.9,0.22,
09/19/2024 05:00,1.32086,1.3225,1.3207,1.32241,15.5,0.12,
09/19/2024 04:00,1.32105,1.3212,1.32,1.3208,-2.5,-0.02,
09/19/2024 03:00,1.31923,1.32135,1.3188,1.32076,15.3,0.12,
09/19/2024 02:00,1.31713,1.31962,1.31713,1.31936,22.3,0.17,
09/19/2024 01:00,1.31706,1.31753,1.3151,1.31725,1.9,0.01,
09/19/2024 00:00,1.32028,1.32079,1.3167,1.31712,-31.6,-0.24,
09/18/2024 23:00,1.32158,1.3217,1.3194,1.3201,-14.8,-0.11,
09/18/2024 22:00,1.3209,1.3218,1.32014,1.32149,5.9,0.04,
09/18/2024 21:00,1.3212,1.3214,1.31848,1.3211,-1,-0.01,
09/18/2024 20:00,1.31867,1.3214,1.31847,1.32117,25.0,0.19,
09/18/2024 19:00,1.32484,1.32484,1.31747,1.31868,-61.6,-0.47,
09/18/2024 18:00,1.32428,1.3298,1.32381,1.32531,10.3,0.08,
09/18/2024 17:00,1.32102,1.32143,1.3197,1.3207,-3.2,-0.02,
